experiment,condition,rep,model,order_quantity,bias,bias_pct,parse_success
E1_Baseline,E1_baseline,1,deepseek-v4-flash,112,-10,-8.2,True
E1_Baseline,E1_baseline,2,deepseek-v4-flash,112,-10,-8.2,True
E1_Baseline,E1_baseline,3,deepseek-v4-flash,118,-4,-3.3,True
E1_Baseline,E1_baseline,4,deepseek-v4-flash,113,-9,-7.4,True
E1_Baseline,E1_baseline,5,deepseek-v4-flash,117,-5,-4.1,True
E1_Baseline,E1_baseline,6,deepseek-v4-flash,112,-10,-8.2,True
E1_Baseline,E1_baseline,7,deepseek-v4-flash,112,-10,-8.2,True
E1_Baseline,E1_baseline,8,deepseek-v4-flash,110,-12,-9.8,True
E1_Baseline,E1_baseline,9,deepseek-v4-flash,113,-9,-7.4,True
E1_Baseline,E1_baseline,10,deepseek-v4-flash,109,-13,-10.7,True
E1_Baseline,E1_baseline,11,deepseek-v4-flash,116,-6,-4.9,True
E1_Baseline,E1_baseline,12,deepseek-v4-flash,117,-5,-4.1,True
E1_Baseline,E1_baseline,13,deepseek-v4-flash,117,-5,-4.1,True
E1_Baseline,E1_baseline,14,deepseek-v4-flash,112,-10,-8.2,True
E1_Baseline,E1_baseline,15,deepseek-v4-flash,113,-9,-7.4,True
E1_Baseline,E1_baseline,16,deepseek-v4-flash,110,-12,-9.8,True
E1_Baseline,E1_baseline,17,deepseek-v4-flash,112,-10,-8.2,True
E1_Baseline,E1_baseline,18,deepseek-v4-flash,116,-6,-4.9,True
E1_Baseline,E1_baseline,19,deepseek-v4-flash,112,-10,-8.2,True
E1_Baseline,E1_baseline,20,deepseek-v4-flash,113,-9,-7.4,True
E1_Baseline,E1_baseline,21,deepseek-v4-flash,110,-12,-9.8,True
E1_Baseline,E1_baseline,22,deepseek-v4-flash,112,-10,-8.2,True
E1_Baseline,E1_baseline,23,deepseek-v4-flash,117,-5,-4.1,True
E1_Baseline,E1_baseline,24,deepseek-v4-flash,112,-10,-8.2,True
E1_Baseline,E1_baseline,25,deepseek-v4-flash,110,-12,-9.8,True
E1_Baseline,E1_baseline,26,deepseek-v4-flash,110,-12,-9.8,True
E1_Baseline,E1_baseline,27,deepseek-v4-flash,107,-15,-12.3,True
E1_Baseline,E1_baseline,28,deepseek-v4-flash,112,-10,-8.2,True
E1_Baseline,E1_baseline,29,deepseek-v4-flash,117,-5,-4.1,True
E1_Baseline,E1_baseline,30,deepseek-v4-flash,111,-11,-9.0,True
E2_LowAnchor,E2_anchor_low,1,deepseek-v4-flash,68,-54,-44.3,True
E2_LowAnchor,E2_anchor_low,2,deepseek-v4-flash,69,-53,-43.4,True
E2_LowAnchor,E2_anchor_low,3,deepseek-v4-flash,73,-49,-40.2,True
E2_LowAnchor,E2_anchor_low,4,deepseek-v4-flash,78,-44,-36.1,True
E2_LowAnchor,E2_anchor_low,5,deepseek-v4-flash,82,-40,-32.8,True
E2_LowAnchor,E2_anchor_low,6,deepseek-v4-flash,70,-52,-42.6,True
E2_LowAnchor,E2_anchor_low,7,deepseek-v4-flash,76,-46,-37.7,True
E2_LowAnchor,E2_anchor_low,8,deepseek-v4-flash,74,-48,-39.3,True
E2_LowAnchor,E2_anchor_low,9,deepseek-v4-flash,82,-40,-32.8,True
E2_LowAnchor,E2_anchor_low,10,deepseek-v4-flash,65,-57,-46.7,True
E2_LowAnchor,E2_anchor_low,11,deepseek-v4-flash,102,-20,-16.4,True
E2_LowAnchor,E2_anchor_low,12,deepseek-v4-flash,73,-49,-40.2,True
E2_LowAnchor,E2_anchor_low,13,deepseek-v4-flash,83,-39,-32.0,True
E2_LowAnchor,E2_anchor_low,14,deepseek-v4-flash,79,-43,-35.2,True
E2_LowAnchor,E2_anchor_low,15,deepseek-v4-flash,64,-58,-47.5,True
E2_LowAnchor,E2_anchor_low,16,deepseek-v4-flash,50,-72,-59.0,True
E2_LowAnchor,E2_anchor_low,17,deepseek-v4-flash,50,-72,-59.0,True
E2_LowAnchor,E2_anchor_low,18,deepseek-v4-flash,78,-44,-36.1,True
E2_LowAnchor,E2_anchor_low,19,deepseek-v4-flash,73,-49,-40.2,True
E2_LowAnchor,E2_anchor_low,20,deepseek-v4-flash,73,-49,-40.2,True
E2_LowAnchor,E2_anchor_low,21,deepseek-v4-flash,76,-46,-37.7,True
E2_LowAnchor,E2_anchor_low,22,deepseek-v4-flash,73,-49,-40.2,True
E2_LowAnchor,E2_anchor_low,23,deepseek-v4-flash,77,-45,-36.9,True
E2_LowAnchor,E2_anchor_low,24,deepseek-v4-flash,67,-55,-45.1,True
E2_LowAnchor,E2_anchor_low,25,deepseek-v4-flash,67,-55,-45.1,True
E2_LowAnchor,E2_anchor_low,26,deepseek-v4-flash,78,-44,-36.1,True
E2_LowAnchor,E2_anchor_low,27,deepseek-v4-flash,50,-72,-59.0,True
E2_LowAnchor,E2_anchor_low,28,deepseek-v4-flash,50,-72,-59.0,True
E2_LowAnchor,E2_anchor_low,29,deepseek-v4-flash,50,-72,-59.0,True
E2_LowAnchor,E2_anchor_low,30,deepseek-v4-flash,67,-55,-45.1,True
E2_HighAnchor,E2_anchor_high,1,deepseek-v4-flash,120,-2,-1.6,True
E2_HighAnchor,E2_anchor_high,2,deepseek-v4-flash,113,-9,-7.4,True
E2_HighAnchor,E2_anchor_high,3,deepseek-v4-flash,112,-10,-8.2,True
E2_HighAnchor,E2_anchor_high,4,deepseek-v4-flash,117,-5,-4.1,True
E2_HighAnchor,E2_anchor_high,5,deepseek-v4-flash,113,-9,-7.4,True
E2_HighAnchor,E2_anchor_high,6,deepseek-v4-flash,113,-9,-7.4,True
E2_HighAnchor,E2_anchor_high,7,deepseek-v4-flash,114,-8,-6.6,True
E2_HighAnchor,E2_anchor_high,8,deepseek-v4-flash,126,4,3.3,True
E2_HighAnchor,E2_anchor_high,9,deepseek-v4-flash,113,-9,-7.4,True
E2_HighAnchor,E2_anchor_high,10,deepseek-v4-flash,122,0,0.0,True
E2_HighAnchor,E2_anchor_high,11,deepseek-v4-flash,96,-26,-21.3,True
E2_HighAnchor,E2_anchor_high,12,deepseek-v4-flash,117,-5,-4.1,True
E2_HighAnchor,E2_anchor_high,13,deepseek-v4-flash,113,-9,-7.4,True
E2_HighAnchor,E2_anchor_high,14,deepseek-v4-flash,118,-4,-3.3,True
E2_HighAnchor,E2_anchor_high,15,deepseek-v4-flash,113,-9,-7.4,True
E2_HighAnchor,E2_anchor_high,16,deepseek-v4-flash,118,-4,-3.3,True
E2_HighAnchor,E2_anchor_high,17,deepseek-v4-flash,113,-9,-7.4,True
E2_HighAnchor,E2_anchor_high,18,deepseek-v4-flash,113,-9,-7.4,True
E2_HighAnchor,E2_anchor_high,19,deepseek-v4-flash,113,-9,-7.4,True
E2_HighAnchor,E2_anchor_high,20,deepseek-v4-flash,127,5,4.1,True
E2_HighAnchor,E2_anchor_high,21,deepseek-v4-flash,113,-9,-7.4,True
E2_HighAnchor,E2_anchor_high,22,deepseek-v4-flash,113,-9,-7.4,True
E2_HighAnchor,E2_anchor_high,23,deepseek-v4-flash,117,-5,-4.1,True
E2_HighAnchor,E2_anchor_high,24,deepseek-v4-flash,113,-9,-7.4,True
E2_HighAnchor,E2_anchor_high,25,deepseek-v4-flash,113,-9,-7.4,True
E2_HighAnchor,E2_anchor_high,26,deepseek-v4-flash,113,-9,-7.4,True
E2_HighAnchor,E2_anchor_high,27,deepseek-v4-flash,112,-10,-8.2,True
E2_HighAnchor,E2_anchor_high,28,deepseek-v4-flash,118,-4,-3.3,True
E2_HighAnchor,E2_anchor_high,29,deepseek-v4-flash,81,-41,-33.6,True
E2_HighAnchor,E2_anchor_high,30,deepseek-v4-flash,116,-6,-4.9,True
E2_RandomAnchor,E2_anchor_random,1,deepseek-v4-flash,116,-6,-4.9,True
E2_RandomAnchor,E2_anchor_random,2,deepseek-v4-flash,117,-5,-4.1,True
E2_RandomAnchor,E2_anchor_random,3,deepseek-v4-flash,102,-20,-16.4,True
E2_RandomAnchor,E2_anchor_random,4,deepseek-v4-flash,115,-7,-5.7,True
E2_RandomAnchor,E2_anchor_random,5,deepseek-v4-flash,118,-4,-3.3,True
E2_RandomAnchor,E2_anchor_random,6,deepseek-v4-flash,113,-9,-7.4,True
E2_RandomAnchor,E2_anchor_random,7,deepseek-v4-flash,110,-12,-9.8,True
E2_RandomAnchor,E2_anchor_random,8,deepseek-v4-flash,117,-5,-4.1,True
E2_RandomAnchor,E2_anchor_random,9,deepseek-v4-flash,117,-5,-4.1,True
E2_RandomAnchor,E2_anchor_random,10,deepseek-v4-flash,110,-12,-9.8,True
E2_RandomAnchor,E2_anchor_random,11,deepseek-v4-flash,98,-24,-19.7,True
E2_RandomAnchor,E2_anchor_random,12,deepseek-v4-flash,115,-7,-5.7,True
E2_RandomAnchor,E2_anchor_random,13,deepseek-v4-flash,108,-14,-11.5,True
E2_RandomAnchor,E2_anchor_random,14,deepseek-v4-flash,113,-9,-7.4,True
E2_RandomAnchor,E2_anchor_random,15,deepseek-v4-flash,116,-6,-4.9,True
E2_RandomAnchor,E2_anchor_random,16,deepseek-v4-flash,116,-6,-4.9,True
E2_RandomAnchor,E2_anchor_random,17,deepseek-v4-flash,108,-14,-11.5,True
E2_RandomAnchor,E2_anchor_random,18,deepseek-v4-flash,117,-5,-4.1,True
E2_RandomAnchor,E2_anchor_random,19,deepseek-v4-flash,113,-9,-7.4,True
E2_RandomAnchor,E2_anchor_random,20,deepseek-v4-flash,109,-13,-10.7,True
E2_RandomAnchor,E2_anchor_random,21,deepseek-v4-flash,117,-5,-4.1,True
E2_RandomAnchor,E2_anchor_random,22,deepseek-v4-flash,110,-12,-9.8,True
E2_RandomAnchor,E2_anchor_random,23,deepseek-v4-flash,113,-9,-7.4,True
E2_RandomAnchor,E2_anchor_random,24,deepseek-v4-flash,114,-8,-6.6,True
E2_RandomAnchor,E2_anchor_random,25,deepseek-v4-flash,118,-4,-3.3,True
E2_RandomAnchor,E2_anchor_random,26,deepseek-v4-flash,114,-8,-6.6,True
E2_RandomAnchor,E2_anchor_random,27,deepseek-v4-flash,112,-10,-8.2,True
E2_RandomAnchor,E2_anchor_random,28,deepseek-v4-flash,117,-5,-4.1,True
E2_RandomAnchor,E2_anchor_random,29,deepseek-v4-flash,110,-12,-9.8,True
E2_RandomAnchor,E2_anchor_random,30,deepseek-v4-flash,113,-9,-7.4,True
E3_FakeInfo1,E3_fake_1,1,deepseek-v4-flash,117,-5,-4.1,True
E3_FakeInfo1,E3_fake_1,2,deepseek-v4-flash,118,-4,-3.3,True
E3_FakeInfo1,E3_fake_1,3,deepseek-v4-flash,113,-9,-7.4,True
E3_FakeInfo1,E3_fake_1,4,deepseek-v4-flash,116,-6,-4.9,True
E3_FakeInfo1,E3_fake_1,5,deepseek-v4-flash,118,-4,-3.3,True
E3_FakeInfo1,E3_fake_1,6,deepseek-v4-flash,117,-5,-4.1,True
E3_FakeInfo1,E3_fake_1,7,deepseek-v4-flash,112,-10,-8.2,True
E3_FakeInfo1,E3_fake_1,8,deepseek-v4-flash,111,-11,-9.0,True
E3_FakeInfo1,E3_fake_1,9,deepseek-v4-flash,118,-4,-3.3,True
E3_FakeInfo1,E3_fake_1,10,deepseek-v4-flash,113,-9,-7.4,True
E3_FakeInfo1,E3_fake_1,11,deepseek-v4-flash,110,-12,-9.8,True
E3_FakeInfo1,E3_fake_1,12,deepseek-v4-flash,114,-8,-6.6,True
E3_FakeInfo1,E3_fake_1,13,deepseek-v4-flash,117,-5,-4.1,True
E3_FakeInfo1,E3_fake_1,14,deepseek-v4-flash,113,-9,-7.4,True
E3_FakeInfo1,E3_fake_1,15,deepseek-v4-flash,116,-6,-4.9,True
E3_FakeInfo1,E3_fake_1,16,deepseek-v4-flash,121,-1,-0.8,True
E3_FakeInfo1,E3_fake_1,17,deepseek-v4-flash,122,0,0.0,True
E3_FakeInfo1,E3_fake_1,18,deepseek-v4-flash,118,-4,-3.3,True
E3_FakeInfo1,E3_fake_1,19,deepseek-v4-flash,113,-9,-7.4,True
E3_FakeInfo1,E3_fake_1,20,deepseek-v4-flash,116,-6,-4.9,True
E3_FakeInfo1,E3_fake_1,21,deepseek-v4-flash,110,-12,-9.8,True
E3_FakeInfo1,E3_fake_1,22,deepseek-v4-flash,113,-9,-7.4,True
E3_FakeInfo1,E3_fake_1,23,deepseek-v4-flash,113,-9,-7.4,True
E3_FakeInfo1,E3_fake_1,24,deepseek-v4-flash,112,-10,-8.2,True
E3_FakeInfo1,E3_fake_1,25,deepseek-v4-flash,118,-4,-3.3,True
E3_FakeInfo1,E3_fake_1,26,deepseek-v4-flash,122,0,0.0,True
E3_FakeInfo1,E3_fake_1,27,deepseek-v4-flash,113,-9,-7.4,True
E3_FakeInfo1,E3_fake_1,28,deepseek-v4-flash,118,-4,-3.3,True
E3_FakeInfo1,E3_fake_1,29,deepseek-v4-flash,113,-9,-7.4,True
E3_FakeInfo1,E3_fake_1,30,deepseek-v4-flash,117,-5,-4.1,True
E3_FakeInfo2,E3_fake_2,1,deepseek-v4-flash,110,-12,-9.8,True
E3_FakeInfo2,E3_fake_2,2,deepseek-v4-flash,111,-11,-9.0,True
E3_FakeInfo2,E3_fake_2,3,deepseek-v4-flash,122,0,0.0,True
E3_FakeInfo2,E3_fake_2,4,deepseek-v4-flash,107,-15,-12.3,True
E3_FakeInfo2,E3_fake_2,5,deepseek-v4-flash,112,-10,-8.2,True
E3_FakeInfo2,E3_fake_2,6,deepseek-v4-flash,118,-4,-3.3,True
E3_FakeInfo2,E3_fake_2,7,deepseek-v4-flash,117,-5,-4.1,True
E3_FakeInfo2,E3_fake_2,8,deepseek-v4-flash,110,-12,-9.8,True
E3_FakeInfo2,E3_fake_2,9,deepseek-v4-flash,118,-4,-3.3,True
E3_FakeInfo2,E3_fake_2,10,deepseek-v4-flash,123,1,0.8,True
E3_FakeInfo2,E3_fake_2,11,deepseek-v4-flash,111,-11,-9.0,True
E3_FakeInfo2,E3_fake_2,12,deepseek-v4-flash,106,-16,-13.1,True
E3_FakeInfo2,E3_fake_2,13,deepseek-v4-flash,114,-8,-6.6,True
E3_FakeInfo2,E3_fake_2,14,deepseek-v4-flash,110,-12,-9.8,True
E3_FakeInfo2,E3_fake_2,15,deepseek-v4-flash,110,-12,-9.8,True
E3_FakeInfo2,E3_fake_2,16,deepseek-v4-flash,119,-3,-2.5,True
E3_FakeInfo2,E3_fake_2,17,deepseek-v4-flash,110,-12,-9.8,True
E3_FakeInfo2,E3_fake_2,18,deepseek-v4-flash,84,-38,-31.1,True
E3_FakeInfo2,E3_fake_2,19,deepseek-v4-flash,118,-4,-3.3,True
E3_FakeInfo2,E3_fake_2,20,deepseek-v4-flash,116,-6,-4.9,True
E3_FakeInfo2,E3_fake_2,21,deepseek-v4-flash,112,-10,-8.2,True
E3_FakeInfo2,E3_fake_2,22,deepseek-v4-flash,104,-18,-14.8,True
E3_FakeInfo2,E3_fake_2,23,deepseek-v4-flash,128,6,4.9,True
E3_FakeInfo2,E3_fake_2,24,deepseek-v4-flash,110,-12,-9.8,True
E3_FakeInfo2,E3_fake_2,25,deepseek-v4-flash,112,-10,-8.2,True
E3_FakeInfo2,E3_fake_2,26,deepseek-v4-flash,117,-5,-4.1,True
E3_FakeInfo2,E3_fake_2,27,deepseek-v4-flash,121,-1,-0.8,True
E3_FakeInfo2,E3_fake_2,28,deepseek-v4-flash,112,-10,-8.2,True
E3_FakeInfo2,E3_fake_2,29,deepseek-v4-flash,95,-27,-22.1,True
E3_FakeInfo2,E3_fake_2,30,deepseek-v4-flash,110,-12,-9.8,True
E3_FakeInfo3,E3_fake_3,1,deepseek-v4-flash,109,-13,-10.7,True
E3_FakeInfo3,E3_fake_3,2,deepseek-v4-flash,118,-4,-3.3,True
E3_FakeInfo3,E3_fake_3,3,deepseek-v4-flash,117,-5,-4.1,True
E3_FakeInfo3,E3_fake_3,4,deepseek-v4-flash,118,-4,-3.3,True
E3_FakeInfo3,E3_fake_3,5,deepseek-v4-flash,111,-11,-9.0,True
E3_FakeInfo3,E3_fake_3,6,deepseek-v4-flash,110,-12,-9.8,True
E3_FakeInfo3,E3_fake_3,7,deepseek-v4-flash,116,-6,-4.9,True
E3_FakeInfo3,E3_fake_3,8,deepseek-v4-flash,117,-5,-4.1,True
E3_FakeInfo3,E3_fake_3,9,deepseek-v4-flash,113,-9,-7.4,True
E3_FakeInfo3,E3_fake_3,10,deepseek-v4-flash,117,-5,-4.1,True
E3_FakeInfo3,E3_fake_3,11,deepseek-v4-flash,113,-9,-7.4,True
E3_FakeInfo3,E3_fake_3,12,deepseek-v4-flash,119,-3,-2.5,True
E3_FakeInfo3,E3_fake_3,13,deepseek-v4-flash,117,-5,-4.1,True
E3_FakeInfo3,E3_fake_3,14,deepseek-v4-flash,118,-4,-3.3,True
E3_FakeInfo3,E3_fake_3,15,deepseek-v4-flash,117,-5,-4.1,True
E3_FakeInfo3,E3_fake_3,16,deepseek-v4-flash,114,-8,-6.6,True
E3_FakeInfo3,E3_fake_3,17,deepseek-v4-flash,109,-13,-10.7,True
E3_FakeInfo3,E3_fake_3,18,deepseek-v4-flash,117,-5,-4.1,True
E3_FakeInfo3,E3_fake_3,19,deepseek-v4-flash,119,-3,-2.5,True
E3_FakeInfo3,E3_fake_3,20,deepseek-v4-flash,128,6,4.9,True
E3_FakeInfo3,E3_fake_3,21,deepseek-v4-flash,118,-4,-3.3,True
E3_FakeInfo3,E3_fake_3,22,deepseek-v4-flash,116,-6,-4.9,True
E3_FakeInfo3,E3_fake_3,23,deepseek-v4-flash,110,-12,-9.8,True
E3_FakeInfo3,E3_fake_3,24,deepseek-v4-flash,111,-11,-9.0,True
E3_FakeInfo3,E3_fake_3,25,deepseek-v4-flash,119,-3,-2.5,True
E3_FakeInfo3,E3_fake_3,26,deepseek-v4-flash,111,-11,-9.0,True
E3_FakeInfo3,E3_fake_3,27,deepseek-v4-flash,110,-12,-9.8,True
E3_FakeInfo3,E3_fake_3,28,deepseek-v4-flash,117,-5,-4.1,True
E3_FakeInfo3,E3_fake_3,29,deepseek-v4-flash,111,-11,-9.0,True
E3_FakeInfo3,E3_fake_3,30,deepseek-v4-flash,118,-4,-3.3,True
E4_Variant1,E4_variant_1,1,deepseek-v4-flash,119,-3,-2.5,True
E4_Variant1,E4_variant_1,2,deepseek-v4-flash,117,-5,-4.1,True
E4_Variant1,E4_variant_1,3,deepseek-v4-flash,117,-5,-4.1,True
E4_Variant1,E4_variant_1,4,deepseek-v4-flash,113,-9,-7.4,True
E4_Variant1,E4_variant_1,5,deepseek-v4-flash,114,-8,-6.6,True
E4_Variant1,E4_variant_1,6,deepseek-v4-flash,119,-3,-2.5,True
E4_Variant1,E4_variant_1,7,deepseek-v4-flash,113,-9,-7.4,True
E4_Variant1,E4_variant_1,8,deepseek-v4-flash,113,-9,-7.4,True
E4_Variant1,E4_variant_1,9,deepseek-v4-flash,118,-4,-3.3,True
E4_Variant1,E4_variant_1,10,deepseek-v4-flash,112,-10,-8.2,True
E4_Variant1,E4_variant_1,11,deepseek-v4-flash,111,-11,-9.0,True
E4_Variant1,E4_variant_1,12,deepseek-v4-flash,117,-5,-4.1,True
E4_Variant1,E4_variant_1,13,deepseek-v4-flash,117,-5,-4.1,True
E4_Variant1,E4_variant_1,14,deepseek-v4-flash,114,-8,-6.6,True
E4_Variant1,E4_variant_1,15,deepseek-v4-flash,116,-6,-4.9,True
E4_Variant1,E4_variant_1,16,deepseek-v4-flash,116,-6,-4.9,True
E4_Variant1,E4_variant_1,17,deepseek-v4-flash,118,-4,-3.3,True
E4_Variant1,E4_variant_1,18,deepseek-v4-flash,117,-5,-4.1,True
E4_Variant1,E4_variant_1,19,deepseek-v4-flash,118,-4,-3.3,True
E4_Variant1,E4_variant_1,20,deepseek-v4-flash,111,-11,-9.0,True
E4_Variant1,E4_variant_1,21,deepseek-v4-flash,105,-17,-13.9,True
E4_Variant1,E4_variant_1,22,deepseek-v4-flash,112,-10,-8.2,True
E4_Variant1,E4_variant_1,23,deepseek-v4-flash,117,-5,-4.1,True
E4_Variant1,E4_variant_1,24,deepseek-v4-flash,113,-9,-7.4,True
E4_Variant1,E4_variant_1,25,deepseek-v4-flash,118,-4,-3.3,True
E4_Variant1,E4_variant_1,26,deepseek-v4-flash,110,-12,-9.8,True
E4_Variant1,E4_variant_1,27,deepseek-v4-flash,118,-4,-3.3,True
E4_Variant1,E4_variant_1,28,deepseek-v4-flash,104,-18,-14.8,True
E4_Variant1,E4_variant_1,29,deepseek-v4-flash,117,-5,-4.1,True
E4_Variant1,E4_variant_1,30,deepseek-v4-flash,119,-3,-2.5,True
E4_Variant2,E4_variant_2,1,deepseek-v4-flash,100,-22,-18.0,True
E4_Variant2,E4_variant_2,2,deepseek-v4-flash,100,-22,-18.0,True
E4_Variant2,E4_variant_2,3,deepseek-v4-flash,100,-22,-18.0,True
E4_Variant2,E4_variant_2,4,deepseek-v4-flash,100,-22,-18.0,True
E4_Variant2,E4_variant_2,5,deepseek-v4-flash,100,-22,-18.0,True
E4_Variant2,E4_variant_2,6,deepseek-v4-flash,100,-22,-18.0,True
E4_Variant2,E4_variant_2,7,deepseek-v4-flash,100,-22,-18.0,True
E4_Variant2,E4_variant_2,8,deepseek-v4-flash,100,-22,-18.0,True
E4_Variant2,E4_variant_2,9,deepseek-v4-flash,100,-22,-18.0,True
E4_Variant2,E4_variant_2,10,deepseek-v4-flash,100,-22,-18.0,True
E4_Variant2,E4_variant_2,11,deepseek-v4-flash,100,-22,-18.0,True
E4_Variant2,E4_variant_2,12,deepseek-v4-flash,100,-22,-18.0,True
E4_Variant2,E4_variant_2,13,deepseek-v4-flash,100,-22,-18.0,True
E4_Variant2,E4_variant_2,14,deepseek-v4-flash,100,-22,-18.0,True
E4_Variant2,E4_variant_2,15,deepseek-v4-flash,100,-22,-18.0,True
E4_Variant2,E4_variant_2,16,deepseek-v4-flash,100,-22,-18.0,True
E4_Variant2,E4_variant_2,17,deepseek-v4-flash,100,-22,-18.0,True
E4_Variant2,E4_variant_2,18,deepseek-v4-flash,100,-22,-18.0,True
E4_Variant2,E4_variant_2,19,deepseek-v4-flash,100,-22,-18.0,True
E4_Variant2,E4_variant_2,20,deepseek-v4-flash,100,-22,-18.0,True
E4_Variant2,E4_variant_2,21,deepseek-v4-flash,100,-22,-18.0,True
E4_Variant2,E4_variant_2,22,deepseek-v4-flash,110,-12,-9.8,True
E4_Variant2,E4_variant_2,23,deepseek-v4-flash,100,-22,-18.0,True
E4_Variant2,E4_variant_2,24,deepseek-v4-flash,100,-22,-18.0,True
E4_Variant2,E4_variant_2,25,deepseek-v4-flash,100,-22,-18.0,True
E4_Variant2,E4_variant_2,26,deepseek-v4-flash,100,-22,-18.0,True
E4_Variant2,E4_variant_2,27,deepseek-v4-flash,100,-22,-18.0,True
E4_Variant2,E4_variant_2,28,deepseek-v4-flash,100,-22,-18.0,True
E4_Variant2,E4_variant_2,29,deepseek-v4-flash,100,-22,-18.0,True
E4_Variant2,E4_variant_2,30,deepseek-v4-flash,100,-22,-18.0,True
E4_Variant3,E4_variant_3,1,deepseek-v4-flash,116,-6,-4.9,True
E4_Variant3,E4_variant_3,2,deepseek-v4-flash,113,-9,-7.4,True
E4_Variant3,E4_variant_3,3,deepseek-v4-flash,113,-9,-7.4,True
E4_Variant3,E4_variant_3,4,deepseek-v4-flash,120,-2,-1.6,True
E4_Variant3,E4_variant_3,5,deepseek-v4-flash,126,4,3.3,True
E4_Variant3,E4_variant_3,6,deepseek-v4-flash,116,-6,-4.9,True
E4_Variant3,E4_variant_3,7,deepseek-v4-flash,120,-2,-1.6,True
E4_Variant3,E4_variant_3,8,deepseek-v4-flash,125,3,2.5,True
E4_Variant3,E4_variant_3,9,deepseek-v4-flash,111,-11,-9.0,True
E4_Variant3,E4_variant_3,10,deepseek-v4-flash,118,-4,-3.3,True
E4_Variant3,E4_variant_3,11,deepseek-v4-flash,106,-16,-13.1,True
E4_Variant3,E4_variant_3,12,deepseek-v4-flash,116,-6,-4.9,True
E4_Variant3,E4_variant_3,13,deepseek-v4-flash,122,0,0.0,True
E4_Variant3,E4_variant_3,14,deepseek-v4-flash,118,-4,-3.3,True
E4_Variant3,E4_variant_3,15,deepseek-v4-flash,117,-5,-4.1,True
E4_Variant3,E4_variant_3,16,deepseek-v4-flash,116,-6,-4.9,True
E4_Variant3,E4_variant_3,17,deepseek-v4-flash,120,-2,-1.6,True
E4_Variant3,E4_variant_3,18,deepseek-v4-flash,113,-9,-7.4,True
E4_Variant3,E4_variant_3,19,deepseek-v4-flash,120,-2,-1.6,True
E4_Variant3,E4_variant_3,20,deepseek-v4-flash,119,-3,-2.5,True
E4_Variant3,E4_variant_3,21,deepseek-v4-flash,120,-2,-1.6,True
E4_Variant3,E4_variant_3,22,deepseek-v4-flash,122,0,0.0,True
E4_Variant3,E4_variant_3,23,deepseek-v4-flash,109,-13,-10.7,True
E4_Variant3,E4_variant_3,24,deepseek-v4-flash,116,-6,-4.9,True
E4_Variant3,E4_variant_3,25,deepseek-v4-flash,112,-10,-8.2,True
E4_Variant3,E4_variant_3,26,deepseek-v4-flash,113,-9,-7.4,True
E4_Variant3,E4_variant_3,27,deepseek-v4-flash,117,-5,-4.1,True
E4_Variant3,E4_variant_3,28,deepseek-v4-flash,113,-9,-7.4,True
E4_Variant3,E4_variant_3,29,deepseek-v4-flash,108,-14,-11.5,True
E4_Variant3,E4_variant_3,30,deepseek-v4-flash,113,-9,-7.4,True
E4_Variant4,E4_variant_4,1,deepseek-v4-flash,108,-14,-11.5,True
E4_Variant4,E4_variant_4,2,deepseek-v4-flash,112,-10,-8.2,True
E4_Variant4,E4_variant_4,3,deepseek-v4-flash,112,-10,-8.2,True
E4_Variant4,E4_variant_4,4,deepseek-v4-flash,116,-6,-4.9,True
E4_Variant4,E4_variant_4,5,deepseek-v4-flash,110,-12,-9.8,True
E4_Variant4,E4_variant_4,6,deepseek-v4-flash,108,-14,-11.5,True
E4_Variant4,E4_variant_4,7,deepseek-v4-flash,112,-10,-8.2,True
E4_Variant4,E4_variant_4,8,deepseek-v4-flash,124,2,1.6,True
E4_Variant4,E4_variant_4,9,deepseek-v4-flash,110,-12,-9.8,True
E4_Variant4,E4_variant_4,10,deepseek-v4-flash,116,-6,-4.9,True
E4_Variant4,E4_variant_4,11,deepseek-v4-flash,110,-12,-9.8,True
E4_Variant4,E4_variant_4,12,deepseek-v4-flash,112,-10,-8.2,True
E4_Variant4,E4_variant_4,13,deepseek-v4-flash,124,2,1.6,True
E4_Variant4,E4_variant_4,14,deepseek-v4-flash,110,-12,-9.8,True
E4_Variant4,E4_variant_4,15,deepseek-v4-flash,116,-6,-4.9,True
E4_Variant4,E4_variant_4,16,deepseek-v4-flash,112,-10,-8.2,True
E4_Variant4,E4_variant_4,17,deepseek-v4-flash,108,-14,-11.5,True
E4_Variant4,E4_variant_4,18,deepseek-v4-flash,110,-12,-9.8,True
E4_Variant4,E4_variant_4,19,deepseek-v4-flash,115,-7,-5.7,True
E4_Variant4,E4_variant_4,20,deepseek-v4-flash,108,-14,-11.5,True
E4_Variant4,E4_variant_4,21,deepseek-v4-flash,116,-6,-4.9,True
E4_Variant4,E4_variant_4,22,deepseek-v4-flash,112,-10,-8.2,True
E4_Variant4,E4_variant_4,23,deepseek-v4-flash,118,-4,-3.3,True
E4_Variant4,E4_variant_4,24,deepseek-v4-flash,112,-10,-8.2,True
E4_Variant4,E4_variant_4,25,deepseek-v4-flash,110,-12,-9.8,True
E4_Variant4,E4_variant_4,26,deepseek-v4-flash,110,-12,-9.8,True
E4_Variant4,E4_variant_4,27,deepseek-v4-flash,106,-16,-13.1,True
E4_Variant4,E4_variant_4,28,deepseek-v4-flash,114,-8,-6.6,True
E4_Variant4,E4_variant_4,29,deepseek-v4-flash,104,-18,-14.8,True
E4_Variant4,E4_variant_4,30,deepseek-v4-flash,110,-12,-9.8,True
E4_Variant5,E4_variant_5,1,deepseek-v4-flash,118,-4,-3.3,True
E4_Variant5,E4_variant_5,2,deepseek-v4-flash,110,-12,-9.8,True
E4_Variant5,E4_variant_5,3,deepseek-v4-flash,114,-8,-6.6,True
E4_Variant5,E4_variant_5,4,deepseek-v4-flash,112,-10,-8.2,True
E4_Variant5,E4_variant_5,5,deepseek-v4-flash,116,-6,-4.9,True
E4_Variant5,E4_variant_5,6,deepseek-v4-flash,116,-6,-4.9,True
E4_Variant5,E4_variant_5,7,deepseek-v4-flash,111,-11,-9.0,True
E4_Variant5,E4_variant_5,8,deepseek-v4-flash,122,0,0.0,True
E4_Variant5,E4_variant_5,9,deepseek-v4-flash,115,-7,-5.7,True
E4_Variant5,E4_variant_5,10,deepseek-v4-flash,115,-7,-5.7,True
E4_Variant5,E4_variant_5,11,deepseek-v4-flash,113,-9,-7.4,True
E4_Variant5,E4_variant_5,12,deepseek-v4-flash,110,-12,-9.8,True
E4_Variant5,E4_variant_5,13,deepseek-v4-flash,117,-5,-4.1,True
E4_Variant5,E4_variant_5,14,deepseek-v4-flash,113,-9,-7.4,True
E4_Variant5,E4_variant_5,15,deepseek-v4-flash,122,0,0.0,True
E4_Variant5,E4_variant_5,16,deepseek-v4-flash,110,-12,-9.8,True
E4_Variant5,E4_variant_5,17,deepseek-v4-flash,108,-14,-11.5,True
E4_Variant5,E4_variant_5,18,deepseek-v4-flash,109,-13,-10.7,True
E4_Variant5,E4_variant_5,19,deepseek-v4-flash,104,-18,-14.8,True
E4_Variant5,E4_variant_5,20,deepseek-v4-flash,116,-6,-4.9,True
E4_Variant5,E4_variant_5,21,deepseek-v4-flash,110,-12,-9.8,True
E4_Variant5,E4_variant_5,22,deepseek-v4-flash,84,-38,-31.1,True
E4_Variant5,E4_variant_5,23,deepseek-v4-flash,118,-4,-3.3,True
E4_Variant5,E4_variant_5,24,deepseek-v4-flash,121,-1,-0.8,True
E4_Variant5,E4_variant_5,25,deepseek-v4-flash,98,-24,-19.7,True
E4_Variant5,E4_variant_5,26,deepseek-v4-flash,86,-36,-29.5,True
E4_Variant5,E4_variant_5,27,deepseek-v4-flash,121,-1,-0.8,True
E4_Variant5,E4_variant_5,28,deepseek-v4-flash,110,-12,-9.8,True
E4_Variant5,E4_variant_5,29,deepseek-v4-flash,86,-36,-29.5,True
E4_Variant5,E4_variant_5,30,deepseek-v4-flash,112,-10,-8.2,True
E5_Easy,E5_easy,1,deepseek-v4-flash,103,-19,-15.6,True
E5_Easy,E5_easy,2,deepseek-v4-flash,104,-18,-14.8,True
E5_Easy,E5_easy,3,deepseek-v4-flash,102,-20,-16.4,True
E5_Easy,E5_easy,4,deepseek-v4-flash,103,-19,-15.6,True
E5_Easy,E5_easy,5,deepseek-v4-flash,103,-19,-15.6,True
E5_Easy,E5_easy,6,deepseek-v4-flash,105,-17,-13.9,True
E5_Easy,E5_easy,7,deepseek-v4-flash,106,-16,-13.1,True
E5_Easy,E5_easy,8,deepseek-v4-flash,103,-19,-15.6,True
E5_Easy,E5_easy,9,deepseek-v4-flash,103,-19,-15.6,True
E5_Easy,E5_easy,10,deepseek-v4-flash,105,-17,-13.9,True
E5_Easy,E5_easy,11,deepseek-v4-flash,103,-19,-15.6,True
E5_Easy,E5_easy,12,deepseek-v4-flash,103,-19,-15.6,True
E5_Easy,E5_easy,13,deepseek-v4-flash,103,-19,-15.6,True
E5_Easy,E5_easy,14,deepseek-v4-flash,103,-19,-15.6,True
E5_Easy,E5_easy,15,deepseek-v4-flash,103,-19,-15.6,True
E5_Easy,E5_easy,16,deepseek-v4-flash,103,-19,-15.6,True
E5_Easy,E5_easy,17,deepseek-v4-flash,103,-19,-15.6,True
E5_Easy,E5_easy,18,deepseek-v4-flash,103,-19,-15.6,True
E5_Easy,E5_easy,19,deepseek-v4-flash,103,-19,-15.6,True
E5_Easy,E5_easy,20,deepseek-v4-flash,103,-19,-15.6,True
E5_Easy,E5_easy,21,deepseek-v4-flash,103,-19,-15.6,True
E5_Easy,E5_easy,22,deepseek-v4-flash,103,-19,-15.6,True
E5_Easy,E5_easy,23,deepseek-v4-flash,103,-19,-15.6,True
E5_Easy,E5_easy,24,deepseek-v4-flash,105,-17,-13.9,True
E5_Easy,E5_easy,25,deepseek-v4-flash,103,-19,-15.6,True
E5_Easy,E5_easy,26,deepseek-v4-flash,103,-19,-15.6,True
E5_Easy,E5_easy,27,deepseek-v4-flash,103,-19,-15.6,True
E5_Easy,E5_easy,28,deepseek-v4-flash,103,-19,-15.6,True
E5_Easy,E5_easy,29,deepseek-v4-flash,103,-19,-15.6,True
E5_Easy,E5_easy,30,deepseek-v4-flash,103,-19,-15.6,True
E5_Medium,E5_medium,1,deepseek-v4-flash,110,-12,-9.8,True
E5_Medium,E5_medium,2,deepseek-v4-flash,111,-11,-9.0,True
E5_Medium,E5_medium,3,deepseek-v4-flash,109,-13,-10.7,True
E5_Medium,E5_medium,4,deepseek-v4-flash,111,-11,-9.0,True
E5_Medium,E5_medium,5,deepseek-v4-flash,117,-5,-4.1,True
E5_Medium,E5_medium,6,deepseek-v4-flash,116,-6,-4.9,True
E5_Medium,E5_medium,7,deepseek-v4-flash,112,-10,-8.2,True
E5_Medium,E5_medium,8,deepseek-v4-flash,109,-13,-10.7,True
E5_Medium,E5_medium,9,deepseek-v4-flash,113,-9,-7.4,True
E5_Medium,E5_medium,10,deepseek-v4-flash,113,-9,-7.4,True
E5_Medium,E5_medium,11,deepseek-v4-flash,116,-6,-4.9,True
E5_Medium,E5_medium,12,deepseek-v4-flash,112,-10,-8.2,True
E5_Medium,E5_medium,13,deepseek-v4-flash,110,-12,-9.8,True
E5_Medium,E5_medium,14,deepseek-v4-flash,109,-13,-10.7,True
E5_Medium,E5_medium,15,deepseek-v4-flash,122,0,0.0,True
E5_Medium,E5_medium,16,deepseek-v4-flash,113,-9,-7.4,True
E5_Medium,E5_medium,17,deepseek-v4-flash,109,-13,-10.7,True
E5_Medium,E5_medium,18,deepseek-v4-flash,111,-11,-9.0,True
E5_Medium,E5_medium,19,deepseek-v4-flash,116,-6,-4.9,True
E5_Medium,E5_medium,20,deepseek-v4-flash,113,-9,-7.4,True
E5_Medium,E5_medium,21,deepseek-v4-flash,101,-21,-17.2,True
E5_Medium,E5_medium,22,deepseek-v4-flash,115,-7,-5.7,True
E5_Medium,E5_medium,23,deepseek-v4-flash,106,-16,-13.1,True
E5_Medium,E5_medium,24,deepseek-v4-flash,105,-17,-13.9,True
E5_Medium,E5_medium,25,deepseek-v4-flash,106,-16,-13.1,True
E5_Medium,E5_medium,26,deepseek-v4-flash,112,-10,-8.2,True
E5_Medium,E5_medium,27,deepseek-v4-flash,112,-10,-8.2,True
E5_Medium,E5_medium,28,deepseek-v4-flash,109,-13,-10.7,True
E5_Medium,E5_medium,29,deepseek-v4-flash,116,-6,-4.9,True
E5_Medium,E5_medium,30,deepseek-v4-flash,104,-18,-14.8,True
E5_Hard,E5_hard,1,deepseek-v4-flash,136,14,11.5,True
E5_Hard,E5_hard,2,deepseek-v4-flash,114,-8,-6.6,True
E5_Hard,E5_hard,3,deepseek-v4-flash,116,-6,-4.9,True
E5_Hard,E5_hard,4,deepseek-v4-flash,101,-21,-17.2,True
E5_Hard,E5_hard,5,deepseek-v4-flash,128,6,4.9,True
E5_Hard,E5_hard,6,deepseek-v4-flash,125,3,2.5,True
E5_Hard,E5_hard,7,deepseek-v4-flash,115,-7,-5.7,True
E5_Hard,E5_hard,8,deepseek-v4-flash,116,-6,-4.9,True
E5_Hard,E5_hard,9,deepseek-v4-flash,116,-6,-4.9,True
E5_Hard,E5_hard,10,deepseek-v4-flash,116,-6,-4.9,True
E5_Hard,E5_hard,11,deepseek-v4-flash,115,-7,-5.7,True
E5_Hard,E5_hard,12,deepseek-v4-flash,116,-6,-4.9,True
E5_Hard,E5_hard,13,deepseek-v4-flash,116,-6,-4.9,True
E5_Hard,E5_hard,14,deepseek-v4-flash,126,4,3.3,True
E5_Hard,E5_hard,15,deepseek-v4-flash,116,-6,-4.9,True
E5_Hard,E5_hard,16,deepseek-v4-flash,117,-5,-4.1,True
E5_Hard,E5_hard,17,deepseek-v4-flash,116,-6,-4.9,True
E5_Hard,E5_hard,18,deepseek-v4-flash,151,29,23.8,True
E5_Hard,E5_hard,19,deepseek-v4-flash,116,-6,-4.9,True
E5_Hard,E5_hard,20,deepseek-v4-flash,113,-9,-7.4,True
E5_Hard,E5_hard,21,deepseek-v4-flash,127,5,4.1,True
E5_Hard,E5_hard,22,deepseek-v4-flash,97,-25,-20.5,True
E5_Hard,E5_hard,23,deepseek-v4-flash,143,21,17.2,True
E5_Hard,E5_hard,24,deepseek-v4-flash,116,-6,-4.9,True
E5_Hard,E5_hard,25,deepseek-v4-flash,111,-11,-9.0,True
E5_Hard,E5_hard,26,deepseek-v4-flash,132,10,8.2,True
E5_Hard,E5_hard,27,deepseek-v4-flash,114,-8,-6.6,True
E5_Hard,E5_hard,28,deepseek-v4-flash,128,6,4.9,True
E5_Hard,E5_hard,29,deepseek-v4-flash,120,-2,-1.6,True
E5_Hard,E5_hard,30,deepseek-v4-flash,97,-25,-20.5,True
E6_CoT,E6_cot,1,deepseek-v4-flash,122,0,0.0,True
E6_CoT,E6_cot,2,deepseek-v4-flash,122,0,0.0,True
E6_CoT,E6_cot,3,deepseek-v4-flash,123,1,0.8,True
E6_CoT,E6_cot,4,deepseek-v4-flash,122,0,0.0,True
E6_CoT,E6_cot,5,deepseek-v4-flash,122,0,0.0,True
E6_CoT,E6_cot,6,deepseek-v4-flash,122,0,0.0,True
E6_CoT,E6_cot,7,deepseek-v4-flash,122,0,0.0,True
E6_CoT,E6_cot,8,deepseek-v4-flash,122,0,0.0,True
E6_CoT,E6_cot,9,deepseek-v4-flash,122,0,0.0,True
E6_CoT,E6_cot,10,deepseek-v4-flash,122,0,0.0,True
E6_CoT,E6_cot,11,deepseek-v4-flash,122,0,0.0,True
E6_CoT,E6_cot,12,deepseek-v4-flash,122,0,0.0,True
E6_CoT,E6_cot,13,deepseek-v4-flash,122,0,0.0,True
E6_CoT,E6_cot,14,deepseek-v4-flash,122,0,0.0,True
E6_CoT,E6_cot,15,deepseek-v4-flash,122,0,0.0,True
E6_CoT,E6_cot,16,deepseek-v4-flash,122,0,0.0,True
E6_CoT,E6_cot,17,deepseek-v4-flash,122,0,0.0,True
E6_CoT,E6_cot,18,deepseek-v4-flash,122,0,0.0,True
E6_CoT,E6_cot,19,deepseek-v4-flash,122,0,0.0,True
E6_CoT,E6_cot,20,deepseek-v4-flash,122,0,0.0,True
E6_CoT,E6_cot,21,deepseek-v4-flash,122,0,0.0,True
E6_CoT,E6_cot,22,deepseek-v4-flash,122,0,0.0,True
E6_CoT,E6_cot,23,deepseek-v4-flash,122,0,0.0,True
E6_CoT,E6_cot,24,deepseek-v4-flash,122,0,0.0,True
E6_CoT,E6_cot,25,deepseek-v4-flash,122,0,0.0,True
E6_CoT,E6_cot,26,deepseek-v4-flash,122,0,0.0,True
E6_CoT,E6_cot,27,deepseek-v4-flash,122,0,0.0,True
E6_CoT,E6_cot,28,deepseek-v4-flash,122,0,0.0,True
E6_CoT,E6_cot,29,deepseek-v4-flash,123,1,0.8,True
E6_CoT,E6_cot,30,deepseek-v4-flash,122,0,0.0,True
E7_Debate,E7_debate,1,deepseek-v4-flash,122,0,0.0,True
E7_Debate,E7_debate,2,deepseek-v4-flash,122,0,0.0,True
E7_Debate,E7_debate,3,deepseek-v4-flash,117,-5,-4.1,True
E7_Debate,E7_debate,4,deepseek-v4-flash,122,0,0.0,True
E7_Debate,E7_debate,5,deepseek-v4-flash,122,0,0.0,True
E7_Debate,E7_debate,6,deepseek-v4-flash,122,0,0.0,True
E7_Debate,E7_debate,7,deepseek-v4-flash,122,0,0.0,True
E7_Debate,E7_debate,8,deepseek-v4-flash,122,0,0.0,True
E7_Debate,E7_debate,9,deepseek-v4-flash,112,-10,-8.2,True
E7_Debate,E7_debate,10,deepseek-v4-flash,122,0,0.0,True
E7_Debate,E7_debate,11,deepseek-v4-flash,113,-9,-7.4,True
E7_Debate,E7_debate,12,deepseek-v4-flash,122,0,0.0,True
E7_Debate,E7_debate,13,deepseek-v4-flash,122,0,0.0,True
E7_Debate,E7_debate,14,deepseek-v4-flash,122,0,0.0,True
E7_Debate,E7_debate,15,deepseek-v4-flash,117,-5,-4.1,True
E8_LightFeedback,E8_light,1,deepseek-v4-flash,113,-9,-7.4,True
E8_LightFeedback,E8_light,2,deepseek-v4-flash,117,-5,-4.1,True
E8_LightFeedback,E8_light,3,deepseek-v4-flash,117,-5,-4.1,True
E8_LightFeedback,E8_light,4,deepseek-v4-flash,112,-10,-8.2,True
E8_LightFeedback,E8_light,5,deepseek-v4-flash,113,-9,-7.4,True
E8_LightFeedback,E8_light,6,deepseek-v4-flash,113,-9,-7.4,True
E8_LightFeedback,E8_light,7,deepseek-v4-flash,97,-25,-20.5,True
E8_LightFeedback,E8_light,8,deepseek-v4-flash,119,-3,-2.5,True
E8_LightFeedback,E8_light,9,deepseek-v4-flash,117,-5,-4.1,True
E8_LightFeedback,E8_light,10,deepseek-v4-flash,120,-2,-1.6,True
E8_LightFeedback,E8_light,11,deepseek-v4-flash,104,-18,-14.8,True
E8_LightFeedback,E8_light,12,deepseek-v4-flash,113,-9,-7.4,True
E8_LightFeedback,E8_light,13,deepseek-v4-flash,118,-4,-3.3,True
E8_LightFeedback,E8_light,14,deepseek-v4-flash,120,-2,-1.6,True
E8_LightFeedback,E8_light,15,deepseek-v4-flash,118,-4,-3.3,True
E8_LightFeedback,E8_light,16,deepseek-v4-flash,113,-9,-7.4,True
E8_LightFeedback,E8_light,17,deepseek-v4-flash,117,-5,-4.1,True
E8_LightFeedback,E8_light,18,deepseek-v4-flash,113,-9,-7.4,True
E8_LightFeedback,E8_light,19,deepseek-v4-flash,123,1,0.8,True
E8_LightFeedback,E8_light,20,deepseek-v4-flash,118,-4,-3.3,True
E8_StrongFeedback,E8_strong,1,deepseek-v4-flash,122,0,0.0,True
E8_StrongFeedback,E8_strong,2,deepseek-v4-flash,120,-2,-1.6,True
E8_StrongFeedback,E8_strong,3,deepseek-v4-flash,120,-2,-1.6,True
E8_StrongFeedback,E8_strong,4,deepseek-v4-flash,118,-4,-3.3,True
E8_StrongFeedback,E8_strong,5,deepseek-v4-flash,120,-2,-1.6,True
E8_StrongFeedback,E8_strong,6,deepseek-v4-flash,121,-1,-0.8,True
E8_StrongFeedback,E8_strong,7,deepseek-v4-flash,120,-2,-1.6,True
E8_StrongFeedback,E8_strong,8,deepseek-v4-flash,120,-2,-1.6,True
E8_StrongFeedback,E8_strong,9,deepseek-v4-flash,120,-2,-1.6,True
E8_StrongFeedback,E8_strong,10,deepseek-v4-flash,120,-2,-1.6,True
E8_StrongFeedback,E8_strong,11,deepseek-v4-flash,120,-2,-1.6,True
E8_StrongFeedback,E8_strong,12,deepseek-v4-flash,120,-2,-1.6,True
E8_StrongFeedback,E8_strong,13,deepseek-v4-flash,120,-2,-1.6,True
E8_StrongFeedback,E8_strong,14,deepseek-v4-flash,122,0,0.0,True
E8_StrongFeedback,E8_strong,15,deepseek-v4-flash,120,-2,-1.6,True
E8_StrongFeedback,E8_strong,16,deepseek-v4-flash,120,-2,-1.6,True
E8_StrongFeedback,E8_strong,17,deepseek-v4-flash,120,-2,-1.6,True
E8_StrongFeedback,E8_strong,18,deepseek-v4-flash,120,-2,-1.6,True
E8_StrongFeedback,E8_strong,19,deepseek-v4-flash,120,-2,-1.6,True
E8_StrongFeedback,E8_strong,20,deepseek-v4-flash,120,-2,-1.6,True
